USE FastFoodDB
-- Usamos la sentencia INSERT para poblar las tablas 

-- Insertar datos en Categorias
INSERT INTO Categorias (Nombre) VALUES
('Comida Rápida'), ('Postres'), ('Bebidas'), ('Ensaladas'), ('Desayunos'),
('Cafetería'), ('Helados'), ('Comida Vegana'), ('Carnes'), ('Pizzas');

Select * from Categorias

-- Insertar datos en Productos
INSERT INTO Productos (ProductoID, Nombre, CategoriaID, Precio) VALUES
(1,'Hamburguesa Deluxe', 1, 9.99), (2,'Cheeseburger', 1, 7.99), (3,'Pizza Margarita', 10, 11.99), (4,'Pizza Pepperoni', 10, 12.99), (5,'Helado de Chocolate', 7, 2.99),
(6,'Helado de Vainilla', 7, 2.99), (7,'Ensalada César', 4, 5.99), (8,'Ensalada Griega', 4, 6.99), (9,'Pastel de Zanahoria', 2, 3.99), (10,'Brownie', 2, 2.99);

Select * from Productos

-- Insertar datos en Sucursales
INSERT INTO Sucursales (Nombre, Direccion) VALUES
('Sucursal Central', '1234 Main St'), ('Sucursal Norte', '5678 North St'), ('Sucursal Este', '9101 East St'), ('Sucursal Oeste', '1121 West St'), ('Sucursal Sur', '3141 South St'),
('Sucursal Playa', '1516 Beach St'), ('Sucursal Montaña', '1718 Mountain St'), ('Sucursal Valle', '1920 Valley St'), ('Sucursal Lago', '2122 Lake St'), ('Sucursal Bosque', '2324 Forest St');

Select * from Sucursales

-- Insertar columna Rol que no inclui en la creacion de la estructura por equivocación

ALTER TABLE Empleados
	ADD Rol VARCHAR (50) NOT NULL;

SELECT * FROM Empleados

-- Insertar datos en Empleados
INSERT INTO Empleados (Nombre, Posicion, Departamento, SucursalID, Rol) VALUES
('John Doe', 'Gerente', 'Administración', 1, 'Vendedor'), ('Jane Smith', 'Subgerente', 'Ventas', 1, 'Vendedor'), ('Bill Jones', 'Cajero', 'Ventas', 1, 'Vendedor'), ('Alice Johnson', 'Cocinero', 'Cocina', 1, 'Vendedor'), ('Tom Brown', 'Barista', 'Cafetería', 1, 'Vendedor'),
('Emma Davis', 'Repartidor', 'Logística', 1, 'Mensajero'), ('Lucas Miller', 'Atención al Cliente', 'Servicio', 1, 'Vendedor'), ('Olivia García', 'Encargado de Turno', 'Administración', 1, 'Vendedor'), ('Ethan Martinez', 'Mesero', 'Restaurante', 1, 'Vendedor'), ('Sophia Rodriguez', 'Auxiliar de Limpieza', 'Mantenimiento', 1, 'Vendedor');

Select * from Empleados

-- Insertar datos en Clientes
INSERT INTO Clientes (Nombre, Direccion) VALUES
('Cliente Uno', '1000 A Street'), ('Cliente Dos', '1001 B Street'), ('Cliente Tres', '1002 C Street'), ('Cliente Cuatro', '1003 D Street'), ('Cliente Cinco', '1004 E Street'),
('Cliente Seis', '1005 F Street'), ('Cliente Siete', '1006 G Street'), ('Cliente Ocho', '1007 H Street'), ('Cliente Nueve', '1008 I Street'), ('Cliente Diez', '1009 J Street');

Select * from Clientes

-- Insertar datos en Origen
INSERT INTO Origen(Nombre) VALUES
('En línea'), ('Presencial'), ('Teléfono'), ('Drive Thru'), ('App Móvil'),
('Redes Sociales'), ('Correo Electrónico'), ('Publicidad'), ('Recomendación'), ('Evento');

Select * from Origen

-- Insertar datos en TiposPago
INSERT INTO TiposPago (Descripcion) VALUES
('Efectivo'), ('Tarjeta de Crédito'), ('Tarjeta de Débito'), ('PayPal'), ('Transferencia Bancaria'),
('Criptomonedas'), ('Cheque'), ('Vale de Comida'), ('Cupón de Descuento'), ('Pago Móvil');

Select * from TiposPago

-- Insertar datos en Mensajeros
INSERT INTO Mensajeros (Nombre, EsExterno) VALUES
('Mensajero Uno', 0), ('Mensajero Dos', 1), ('Mensajero Tres', 0), ('Mensajero Cuatro', 1), ('Mensajero Cinco', 0),
('Mensajero Seis', 1), ('Mensajero Siete', 0), ('Mensajero Ocho', 1), ('Mensajero Nueve', 0), ('Mensajero Diez', 1);

Select * from Mensajeros

-- Insertar datos en Ordenes
INSERT INTO Ordenes (ClienteID, EmpleadoID, SucursalID, MensajeroID, TipoPagoID, OrigenID, HorarioVenta, TotalCompra, KilometrosRecorrer, FechaDespacho, FechaOrdenEntrega, FechaOrdenTomada, FechaOrdenLista) VALUES
(1, 1, 1, 1, 1, 1, 'Mañana', 50.00, 5.5, '2023-01-10 08:30:00', '2023-01-10 09:00:00', '2023-01-10 08:00:00', '2023-01-10 08:15:00'),
(2, 2, 2, 2, 2, 2, 'Tarde', 75.00, 10.0, '2023-02-15 14:30:00', '2023-02-15 15:00:00', '2023-02-15 13:30:00', '2023-02-15 14:00:00'),
(3, 3, 3, 3, 3, 3, 'Noche', 20.00, 2.0, '2023-03-20 19:30:00', '2023-03-20 20:00:00', '2023-03-20 19:00:00', '2023-03-20 19:15:00'),
(4, 4, 4, 4, 4, 4, 'Mañana', 30.00, 0.5, '2023-04-25 09:30:00', '2023-04-25 10:00:00', '2023-04-25 09:00:00', '2023-04-25 09:15:00'),
(5, 5, 5, 5, 5, 5, 'Tarde', 55.00, 8.0, '2023-05-30 15:30:00', '2023-05-30 16:00:00', '2023-05-30 15:00:00', '2023-05-30 15:15:00'),
(6, 6, 6, 6, 6, 1, 'Noche', 45.00, 12.5, '2023-06-05 20:30:00', '2023-06-05 21:00:00', '2023-06-05 20:00:00', '2023-06-05 20:15:00'),
(7, 7, 7, 7, 7, 2, 'Mañana', 65.00, 7.5, '2023-07-10 08:30:00', '2023-07-10 09:00:00', '2023-07-10 08:00:00', '2023-07-10 08:15:00'),
(8, 8, 8, 8, 8, 3, 'Tarde', 85.00, 9.5, '2023-08-15 14:30:00', '2023-08-15 15:00:00', '2023-08-15 14:00:00', '2023-08-15 14:15:00'),
(9, 9, 9, 9, 9, 4, 'Noche', 95.00, 3.0, '2023-09-20 19:30:00', '2023-09-20 20:00:00', '2023-09-20 19:00:00', '2023-09-20 19:15:00'),
(10, 10, 10, 10, 10, 5, 'Mañana', 100.00, 15.0, '2023-10-25 09:30:00', '2023-10-25 10:00:00', '2023-10-25 09:00:00', '2023-10-25 09:15:00');

Select * from Ordenes

-- Insertar datos en DetalleOrdenes
INSERT INTO DetalleOrden (OrdenID, ProductoID, Cantidad, Precio) VALUES
(1, 1, 3, 23.44),
(1, 2, 5, 45.14),
(1, 3, 4, 46.37),
(1, 4, 4, 42.34),
(1, 5, 1, 18.25),
(1, 6, 4, 20.08),
(1, 7, 2, 13.31),
(1, 8, 2, 20.96),
(1, 9, 4, 30.13),
(1, 10, 3, 38.34);

Select * from DetalleOrden

-- Usamos las sentencias UPDATE Y DELETE para actualizar y eliminar datos de las tablas

--ACTUALIZACIONES DE EJEMPLO (UPDATE)

-- Aumentar el precio de todos los productos en la categoría 1
UPDATE Productos SET Precio = Precio + 1 
WHERE CategoriaID = 1;

SELECT *
FROM Productos

-- Cambiar la posición de todos los empleados del departamento 'Cocina' a 'Chef'
UPDATE Empleados SET Posicion = 'Chef' 
WHERE Departamento = 'Cocina';

SELECT *
FROM Empleados

-- Actualizar la dirección de una sucursal específica
UPDATE Sucursales SET Direccion = '1234 New Address St' 
WHERE SucursalID = 1;

SELECT Direccion
FROM Sucursales

--ELIMINACIONES DE EJEMPLO (DELETE)

/*1. Eliminar una orden específica
Imaginemos que quieres eliminar una orden específica, 
por ejemplo, la orden con OrdenID = 10. 
Esta operación eliminaría la orden junto con sus detalles asociados 
(deberías asegurarte de eliminar o actualizar cualquier dato relacionado 
para mantener la integridad referencial).*/

DELETE FROM DetalleOrden 
WHERE OrdenID = 10;
DELETE FROM Ordenes 
WHERE OrdenID = 10;

SELECT OrdenID
FROM Ordenes

/*2. Eliminar todos los productos de una categoría específica
Si decides dejar de ofrecer todos los "Postres" 
(supongamos que Categorias.CategoriaID = 2 para "Postres"), 
podrías querer eliminar todos los productos asociados a esa categoría.*/

DELETE FROM Productos 
WHERE CategoriaID = 2;
DELETE FROM Categorias
WHERE CategoriaID = 2;
--Antes de ejecutar este comando, deberías considerar si hay órdenes que incluyen estos productos y decidir cómo manejar esas referencias.

ALTER TABLE DetalleOrden
NOCHECK CONSTRAINT FK__DetalleOr__Produ__693CA210;

ALTER TABLE Productos
NOCHECK CONSTRAINT FK__Productos__Categ__4E88ABD4;

ALTER TABLE DetalleOrden
CHECK CONSTRAINT FK__DetalleOr__Produ__693CA210;

ALTER TABLE Productos
CHECK CONSTRAINT FK__Productos__Categ__4E88ABD4;

SELECT *
FROM Productos

SELECT *
FROM Categorias

/*3. Eliminar empleados de una sucursal que cerró
Si una sucursal cierra, por ejemplo, 
SucursalID = 10 (Sucursal Bosque), 
podrías necesitar eliminar a todos los empleados asociados con esa sucursal.*/

DELETE FROM Empleados 
WHERE SucursalID = 10;


-- Consulta 1 ¿Cuál es la cantidad total de registros únicos en la tabla de órdenes?

SELECT COUNT (OrdenID) RegistrosUnicos
FROM Ordenes;

-- Consulta 2 ¿Cuántos empleados existen en cada departamento?

SELECT Departamento, COUNT (EmpleadoID) Cantidad
FROM Empleados
GROUP BY Departamento
ORDER BY Cantidad DESC;

-- Consulta 3 ¿Cuántos productos hay por código de categoría?

SELECT CategoriaID, COUNT (ProductoID) Cantidad
FROM Productos
GROUP BY CategoriaID
ORDER BY Cantidad DESC;

-- Consulta 4 ¿Cuántos clientes se han importado a la tabla de clientes?

SELECT COUNT (ClienteID)
FROM Clientes;


/* Consulta 5. ¿Cuáles son las sucursales con un promedio de ventas por orden 
superior a un valor específico, ordenadas por el promedio de kilómetros
recorridos para las entregas de mayor a menor?*/

SELECT SucursalID,
	CAST (AVG (TotalCompra) AS DECIMAL (10,2)) promedio_venta,
	CAST (AVG (KilometrosRecorrer) AS DECIMAL (10,2)) promedio_kilometro
FROM Ordenes
GROUP BY SucursalID
HAVING AVG (TotalCompra) > 40
ORDER BY AVG (KilometrosRecorrer) DESC;

SELECT *
FROM Ordenes

